Model,CV Mean,Test Acc
Logistic Regression,0.6096403872752421,0.609271523178808
Random Forest,0.8538278008298755,0.8940397350993378
Gradient Boosting,0.778222683264177,0.8013245033112583
SVM (RBF),0.8139349930843707,0.8278145695364238
